marital,mean_tv_hours
No answer,2
Never married,2.8387925497752087
Separated,2.9473684210526314
Divorced,2.3541666666666665
Widowed,4
Married,2.588235294117647
